id,first_name,last_name,gender,airport
1,Diann,Purselowe,Female,ULK
2,Kurt,Almey,Male,SNA
3,Wyn,Timcke,Male,FTE
4,Jacintha,Maffione,Bigender,LAX
5,Karol,Chennells,Female,DIP
6,Jeane,Shimuk,Female,RLO
7,Vanya,Stellman,Genderfluid,BAD
8,Colette,Dyka,Female,FDA
9,Jacklyn,Hazeup,Female,NBO
10,Emilee,Sinnett,Female,NNX
11,Jenifer,Connachan,Genderqueer,NKG
12,Elka,Paulazzi,Female,VGZ
13,Quintina,Bellefonte,Female,YEY
14,Andy,Casotti,Male,MFG
15,Maddy,Duffet,Female,TUS
16,Abey,Brosel,Male,LVS
17,Trixi,Orsi,Bigender,WIU
18,Dorothy,Daniello,Non-binary,WLE
19,Dante,Peattie,Male,GLA
20,Hurleigh,Windous,Male,LLF
21,Valentine,Iannuzzelli,Female,TLG
22,Essie,Bode,Female,TUJ
23,Lambert,Playdon,Male,PIN
24,Bran,Marcone,Male,RUM
25,Parsifal,Hayers,Male,LNX
26,Anselm,Guirau,Male,WSU
27,Maxwell,Guy,Male,RAG
28,Rudyard,Towndrow,Male,KBD
29,Herrick,Clubb,Male,WTK
30,Ricoriki,Byron,Male,LKZ
31,Paolina,Baird,Female,TPP
32,Kienan,Afonso,Male,XSI
33,Washington,Giffard,Male,KDX
34,Zedekiah,Eassom,Male,FOD
35,Clarine,Allder,Female,SWM
36,Consuela,Cogswell,Agender,IIL
37,Merrick,Haliburton,Male,LTR
38,Stacee,Fearick,Male,SFT
39,Candy,Gratton,Female,TKE
40,Evangelin,Brideau,Female,TVI
41,Jorry,Stallibrass,Female,IAN
42,Stewart,Olifard,Male,JUN
43,Morlee,Euels,Male,PAL
44,Stephani,Huc,Female,ACY
45,Biron,Paschke,Male,PCO
46,Rafe,Rusling,Male,LRQ
47,Rycca,Labrom,Female,KCD
48,Lyndsey,McBlain,Female,LHS
49,Ninnette,Maypes,Female,PPK
50,Antonius,Conws,Male,KOT
51,Duffy,Firbanks,Male,AFW
52,Trula,Stean,Female,MEI
53,Erma,Sallans,Female,SLG
54,Nicol,Izachik,Male,YNO
55,Lari,Bisco,Female,SHQ
56,Susanne,Hambidge,Female,SBD
57,Georgine,Nealand,Bigender,BVS
58,Ives,Priditt,Male,VCR
59,Dee dee,Addekin,Female,NTY
60,Aymer,Davidowsky,Male,DNA
61,Andee,Jallin,Female,MIH
62,Colene,Robbey,Female,CKG
63,Kala,Vaughan-Hughes,Female,XIL
64,Rois,Haggeth,Female,CUU
65,Elyn,Summerbell,Female,EFL
66,Fulton,Champneys,Male,YTZ
67,Drona,Draysey,Female,MCJ
68,Pearla,Daughtery,Female,LAX
69,Lion,Bontein,Male,MNO
70,Thaddus,Milton,Male,GDD
71,Carlee,O'Doohaine,Female,HEB
72,Annabal,Kenninghan,Female,KNL
73,Thoma,Korpolak,Male,XMP
74,Johnathon,Lehrmann,Polygender,MRZ
75,Kahlil,Jirik,Male,TYL
76,Laurent,Pinhorn,Male,MTQ
77,Sim,MacFadyen,Male,EAT
78,Sibilla,Giacoboni,Female,VNE
79,Kathryne,Kenningham,Agender,IPC
80,Al,Breheny,Male,PBQ
81,Melania,Cottu,Female,HVM
82,Mac,Buckie,Male,EAL
83,Hayes,Yakovliv,Male,YPY
84,Modesty,Suthworth,Female,YEK
85,Cyrus,Drewson,Male,OOT
86,Cathie,Kassman,Female,HED
87,Geoff,Jelks,Male,LAR
88,Larissa,Biasioli,Female,MYX
89,Winston,Oppery,Male,TRL
90,Glad,Pottberry,Genderqueer,ULK
91,Tabbie,Jaulme,Male,GNA
92,Carrol,De Biaggi,Male,GLP
93,Kirsteni,Rumney,Female,JOL
94,Ramonda,Cheston,Female,DRB
95,Dulsea,Petri,Female,VNR
96,Bibbye,Pacher,Genderqueer,PGL
97,Ulrika,Arndtsen,Female,IXY
98,Meggie,Spier,Female,MHX
99,Johna,Dukelow,Female,RIX
100,Derril,Denning,Male,BMT
